{
    "ossetian_sys": false,
    "G": 6.67554e-11,
    "M_kerbin": 5.2915158e+22,
    "M_mun": 9.7599066e+20,
    "V_mun": 543,
    "R_mun": 12000000,
    "dt": 15,
    "Vr_k": 0,
    "Vt_k": 2715,
    "L_kerbin": 9e5
}